code,parent_code,level,name,expenditure_tables,first_year,last_year,2010-11_cur_rev_BE_prior,2010-11_cur_rev_RE_prior,2010-11_cur_rev_BE_current,2010-11_cur_cap_BE_prior,2010-11_cur_cap_RE_prior,2010-11_cur_cap_BE_current,2010-11_dev_rev_BE_prior,2010-11_dev_rev_RE_prior,2010-11_dev_rev_BE_current,2010-11_dev_cap_BE_prior,2010-11_dev_cap_RE_prior,2010-11_dev_cap_BE_current,2011-12_cur_rev_BE_prior,2011-12_cur_rev_RE_prior,2011-12_cur_rev_BE_current,2011-12_cur_cap_BE_prior,2011-12_cur_cap_RE_prior,2011-12_cur_cap_BE_current,2011-12_dev_rev_BE_prior,2011-12_dev_rev_RE_prior,2011-12_dev_rev_BE_current,2011-12_dev_cap_BE_prior,2011-12_dev_cap_RE_prior,2011-12_dev_cap_BE_current,2012-13_cur_rev_BE_prior,2012-13_cur_rev_RE_prior,2012-13_cur_rev_BE_current,2012-13_cur_cap_BE_prior,2012-13_cur_cap_RE_prior,2012-13_cur_cap_BE_current,2012-13_dev_rev_BE_prior,2012-13_dev_rev_RE_prior,2012-13_dev_rev_BE_current,2012-13_dev_cap_BE_prior,2012-13_dev_cap_RE_prior,2012-13_dev_cap_BE_current,2013-14_cur_rev_BE_prior,2013-14_cur_rev_RE_prior,2013-14_cur_rev_BE_current,2013-14_cur_cap_BE_prior,2013-14_cur_cap_RE_prior,2013-14_cur_cap_BE_current,2013-14_dev_rev_BE_prior,2013-14_dev_rev_RE_prior,2013-14_dev_rev_BE_current,2013-14_dev_cap_BE_prior,2013-14_dev_cap_RE_prior,2013-14_dev_cap_BE_current,2014-15_cur_rev_BE_prior,2014-15_cur_rev_RE_prior,2014-15_cur_rev_BE_current,2014-15_cur_cap_BE_prior,2014-15_cur_cap_RE_prior,2014-15_cur_cap_BE_current,2014-15_dev_rev_BE_prior,2014-15_dev_rev_RE_prior,2014-15_dev_rev_BE_current,2014-15_dev_cap_BE_prior,2014-15_dev_cap_RE_prior,2014-15_dev_cap_BE_current,2015-16_cur_rev_BE_prior,2015-16_cur_rev_RE_prior,2015-16_cur_rev_BE_current,2015-16_cur_cap_BE_prior,2015-16_cur_cap_RE_prior,2015-16_cur_cap_BE_current,2015-16_dev_rev_BE_prior,2015-16_dev_rev_RE_prior,2015-16_dev_rev_BE_current,2015-16_dev_cap_BE_prior,2015-16_dev_cap_RE_prior,2015-16_dev_cap_BE_current,2016-17_cur_rev_BE_prior,2016-17_cur_rev_RE_prior,2016-17_cur_rev_BE_current,2016-17_cur_cap_BE_prior,2016-17_cur_cap_RE_prior,2016-17_cur_cap_BE_current,2016-17_dev_rev_BE_prior,2016-17_dev_rev_RE_prior,2016-17_dev_rev_BE_current,2016-17_dev_cap_BE_prior,2016-17_dev_cap_RE_prior,2016-17_dev_cap_BE_current,2017-18_cur_rev_BE_prior,2017-18_cur_rev_RE_prior,2017-18_cur_rev_BE_current,2017-18_cur_cap_BE_prior,2017-18_cur_cap_RE_prior,2017-18_cur_cap_BE_current,2017-18_dev_rev_BE_prior,2017-18_dev_rev_RE_prior,2017-18_dev_rev_BE_current,2017-18_dev_cap_BE_prior,2017-18_dev_cap_RE_prior,2017-18_dev_cap_BE_current,2018-19_cur_rev_BE_prior,2018-19_cur_rev_RE_prior,2018-19_cur_rev_BE_current,2018-19_cur_cap_BE_prior,2018-19_cur_cap_RE_prior,2018-19_cur_cap_BE_current,2018-19_dev_rev_BE_prior,2018-19_dev_rev_RE_prior,2018-19_dev_rev_BE_current,2018-19_dev_cap_BE_prior,2018-19_dev_cap_RE_prior,2018-19_dev_cap_BE_current,2019-20_cur_rev_BE_prior,2019-20_cur_rev_RE_prior,2019-20_cur_rev_BE_current,2019-20_cur_cap_BE_prior,2019-20_cur_cap_RE_prior,2019-20_cur_cap_BE_current,2019-20_dev_rev_BE_prior,2019-20_dev_rev_RE_prior,2019-20_dev_rev_BE_current,2019-20_dev_cap_BE_prior,2019-20_dev_cap_RE_prior,2019-20_dev_cap_BE_current,2020-21_cur_rev_BE_prior,2020-21_cur_rev_RE_prior,2020-21_cur_rev_BE_current,2020-21_cur_cap_BE_prior,2020-21_cur_cap_RE_prior,2020-21_cur_cap_BE_current,2020-21_dev_rev_BE_prior,2020-21_dev_rev_RE_prior,2020-21_dev_rev_BE_current,2020-21_dev_cap_BE_prior,2020-21_dev_cap_RE_prior,2020-21_dev_cap_BE_current,2021-22_cur_rev_BE_prior,2021-22_cur_rev_RE_prior,2021-22_cur_rev_BE_current,2021-22_cur_cap_BE_prior,2021-22_cur_cap_RE_prior,2021-22_cur_cap_BE_current,2021-22_dev_rev_BE_prior,2021-22_dev_rev_RE_prior,2021-22_dev_rev_BE_current,2021-22_dev_cap_BE_prior,2021-22_dev_cap_RE_prior,2021-22_dev_cap_BE_current,2022-23_cur_rev_BE_prior,2022-23_cur_rev_RE_prior,2022-23_cur_rev_BE_current,2022-23_cur_cap_BE_prior,2022-23_cur_cap_RE_prior,2022-23_cur_cap_BE_current,2022-23_dev_rev_BE_prior,2022-23_dev_rev_RE_prior,2022-23_dev_rev_BE_current,2022-23_dev_cap_BE_prior,2022-23_dev_cap_RE_prior,2022-23_dev_cap_BE_current,2023-24_cur_rev_BE_prior,2023-24_cur_rev_RE_prior,2023-24_cur_rev_BE_current,2023-24_cur_cap_BE_prior,2023-24_cur_cap_RE_prior,2023-24_cur_cap_BE_current,2023-24_dev_rev_BE_prior,2023-24_dev_rev_RE_prior,2023-24_dev_rev_BE_current,2023-24_dev_cap_BE_prior,2023-24_dev_cap_RE_prior,2023-24_dev_cap_BE_current,2024-25_cur_rev_BE_prior,2024-25_cur_rev_RE_prior,2024-25_cur_rev_BE_current,2024-25_cur_cap_BE_prior,2024-25_cur_cap_RE_prior,2024-25_cur_cap_BE_current,2024-25_dev_rev_BE_prior,2024-25_dev_rev_RE_prior,2024-25_dev_rev_BE_current,2024-25_dev_cap_BE_prior,2024-25_dev_cap_RE_prior,2024-25_dev_cap_BE_current,2025-26_cur_rev_BE_prior,2025-26_cur_rev_RE_prior,2025-26_cur_rev_BE_current,2025-26_cur_cap_BE_prior,2025-26_cur_cap_RE_prior,2025-26_cur_cap_BE_current,2025-26_dev_rev_BE_prior,2025-26_dev_rev_RE_prior,2025-26_dev_rev_BE_current,2025-26_dev_cap_BE_prior,2025-26_dev_cap_RE_prior,2025-26_dev_cap_BE_current
11,1,2,"Executive & Legislative Organs, Financial & Fiscal Affairs, External Affairs",current_capital; current_revenue; dev_capital; dev_revenue,2010-11,2025-26,939911,1108418,1090236,65699,64668,26460,38868,19020,18360,250,250,141,1090236,1329159,1308917,26460,40573,36227,18360,51721,46944,141,102,285,1308917,1622775,1501116,36227,0,36008,46944,50788,39665,285,285,200,1501116,1779233,1966586,36008,38143,40916,39665,58198,18219,200,200,255,1966586,2002079,2119013,40916,43459,27484,18219,16489,6908,255,199,255,2119013,2071823,2003902,27484,39407,89425,6908,12811,28265,255,255,60,2003902,2099575,2229837,89425,76685,141370,28265,28950,28978,60,30,500,2229837,2303333,2083532,141370,115500,39774,28978,17061,29737,500,0,200,2083532,2470428,2781312,39774,93572,174163,29737,8687,25236,200,0,200,2781312,3527477,4716758,174163,143666,108300,25236,18288,12739,200,0,30,4716758,4839651,3664058,108300,137222,183691,14926,58079,8070,30,30,10,3664058,3752261,4235254,183691,121944,74405,8070,6556,5181,10,10,0,4235254,4468621,5227252,74405,95006,142772,5181,2725,5426,0,0,0,5227252,6874899,9225234,0,1,0,5426,19012,6382,0,0,0,9225234,9858741,12070465,46690,47875,29500,6382,8072,23250,0,0,0,12070465,11131012,10397794,29500,29500,199810,23250,28257,10481,0,0,0
12,1,2,Foreign Economic Aid,current_revenue; dev_capital; dev_revenue,2010-11,2025-26,99,99,103,0,0,0,0,0,0,0,0,0,103,9,588,0,0,0,0,0,0,0,0,0,88,1988,2489,0,0,0,0,0,0,0,0,0,2489,2488,1751,0,0,0,0,0,0,0,0,0,1751,92,92,0,0,0,0,0,0,0,0,0,92,1328,100,0,0,0,0,0,0,0,0,0,100,5005,752,0,0,0,0,0,0,0,0,0,752,4774,4632,0,0,0,0,0,0,0,0,0,4632,4551,4762,0,0,0,0,0,70,0,0,0,4762,6069,6422,0,0,0,70,0,0,0,0,0,6422,6418,2387,0,0,0,0,0,0,0,0,0,2387,1901,3305,0,0,0,0,0,0,0,0,0,3305,2063,2289,0,0,0,0,0,0,0,0,0,2289,2312,4399,0,0,0,0,0,0,0,0,0,4399,4399,9032,0,0,0,0,0,0,0,0,0,9032,7890,5793,0,0,0,0,0,0,0,0,0
14,1,2,Transfers,current_capital; current_revenue; dev_capital; dev_revenue,2010-11,2025-26,221620,341083,227168,28528,50745,28182,76031,33223,45365,121927,97875,108194,227168,299975,294987,28182,20386,32329,45365,20690,15267,108194,100021,150553,294987,251371,312300,32329,24125,27300,15267,11413,32026,0,7271,9768,312300,334615,337165,27300,348480,200468,32026,42539,34387,9768,9024,9995,337165,335929,370782,200468,161757,36684,34387,21257,33800,9995,8883,5663,370782,418667,409875,36684,38129,43611,33800,84617,150765,5663,1724,2300,409875,418245,441616,43611,37372,45539,150765,98166,174844,2300,2149,1584,441616,382405,430230,45539,29224,48273,174844,58548,166263,1584,181,0,430230,461638,477924,48273,58314,68512,166263,38976,118535,638390,618083,493462,477924,478337,643391,68512,60812,76991,118535,34949,180248,493462,444598,420633,643391,646720,687355,76991,72922,78493,199664,96235,157979,420633,330907,451153,687355,688780,1149251,78493,100986,99214,157979,160263,169940,451153,448247,472618,1149251,1103167,953616,99214,84627,101101,169940,144577,204806,472618,369933,482486,956616,868701,1133905,101101,100917,163601,204806,204376,254750,482486,550681,889818,1133905,1356691,1456094,163601,163601,148976,254750,233221,377066,889818,885265,996952,1456094,1473398,1682477,148976,148635,115082,377066,383258,331130,996952,898403,1162275
15,1,2,General Services,current_revenue; dev_capital; dev_revenue,2010-11,2025-26,2263,2563,2488,0,0,0,24177,22100,13848,0,0,0,2488,3910,2736,0,0,0,13848,2382,32206,0,0,0,2736,4679,4345,0,0,0,32206,32581,38287,0,0,0,4345,5409,4655,0,0,0,38287,1088,126297,0,0,0,4655,4401,5107,0,0,0,126297,925,81899,0,0,0,5107,6147,6415,0,0,0,81899,1035,42103,0,0,0,6415,8385,6607,0,0,0,42103,2011,40198,0,0,0,6607,25603,6599,0,0,0,40198,5501,86999,0,0,0,6599,6945,7027,0,0,0,86999,4899,31440,0,0,0,7027,6964,9805,0,0,0,31440,4503,7964,0,0,0,9805,9311,10623,0,0,0,7964,797,73695,0,0,0,10623,10346,10619,0,0,0,73695,48138,101162,0,0,0,10619,16803,15528,0,0,0,101162,3669,11003,0,0,0,15528,31306,23328,0,0,0,11003,7632,24898,0,0,0,23328,30800,31712,0,0,0,24898,8985,60927,0,0,0,31712,29868,23990,0,0,0,60927,18758,29260,0,0,0
16,1,2,Basic Research,current_revenue; dev_capital; dev_revenue,2010-11,2025-26,2153,2153,2267,0,0,0,3706,3483,2049,0,0,0,2267,2506,2524,0,0,0,2049,688,1636,0,0,0,2524,2524,2680,0,0,0,1636,1289,1638,0,0,0,2680,2681,2830,0,0,0,1638,1588,2575,0,0,0,2830,2671,3041,0,0,0,2575,2012,1181,0,0,0,3041,3041,3559,0,0,0,1181,1128,1479,0,0,0,3559,3619,3653,0,0,0,1479,940,1404,0,0,0,3653,3995,3974,0,0,0,1404,598,1768,0,0,0,3974,4019,5438,0,0,0,1768,1297,4242,0,0,0,5438,5356,4992,0,0,0,4242,713,12148,0,0,0,4992,4992,5952,0,0,0,12148,2105,7474,0,0,0,5952,6015,6413,0,0,0,7474,3140,13318,0,0,0,6413,7159,7643,0,0,0,13318,3640,9380,0,0,0,7643,7478,8784,0,0,0,9380,6749,15963,0,0,0,8784,8444,10035,0,0,0,15963,9349,34407,0,0,0,10035,9443,10229,0,0,0,34407,15465,19670,0,0,0
17,1,2,Research & Dev. General Public Services,current_revenue; dev_capital; dev_revenue,2010-11,2025-26,4857,4857,5665,0,0,0,0,0,26,21981,21400,15474,5665,5552,6059,0,0,0,26,23,12,15474,14452,22350,6059,6130,7484,0,0,0,12,12,39,22350,22350,39567,7484,7799,8857,0,0,0,39,4,30,39567,44358,52616,8857,8948,9037,0,0,0,30,20,16,52616,52616,51705,9037,9670,10683,0,0,0,16,11,60,51705,51680,30730,10683,11103,11334,0,0,0,60,0,564,30730,42160,27831,11334,11197,11712,0,0,0,564,16,161,27831,28864,15418,11712,12120,13072,0,0,0,161,125,397,15418,12493,28667,13072,12951,14417,0,0,0,397,138,300,28667,22975,24759,14417,14562,15108,0,0,0,300,164,548,24759,24519,23647,15108,16246,16744,0,0,0,548,143,1967,23647,23621,27200,16744,19396,21002,0,0,0,1967,393,611,27200,27200,26280,21002,20491,24716,0,0,0,611,369,341,26280,26241,26250,24716,25168,28261,0,0,0,341,346,321,26250,22830,25256,28261,29008,30214,0,0,0,321,619,921,25256,25256,761
18,1,2,Admn. of General Public Services,current_revenue; dev_capital,2010-11,2025-26,1161,1161,1254,0,0,0,0,0,0,0,0,0,1254,1219,1390,0,0,0,0,0,0,0,0,0,1390,1890,1572,0,0,0,0,0,0,0,0,0,1572,4718,1843,0,0,0,0,0,0,0,0,0,1843,5201,1974,0,0,0,0,0,0,0,0,0,1974,2450,2150,0,0,0,0,0,0,0,0,0,2150,5896,2253,0,0,0,0,0,0,0,0,0,2253,2253,2348,0,0,0,0,0,0,0,0,0,2348,8999,2531,0,0,0,0,0,0,0,0,0,2531,2455,6846,0,0,0,0,0,0,0,0,0,6846,8539,3149,0,0,0,0,0,0,0,0,0,3149,3149,3827,0,0,0,0,0,0,0,0,0,3827,5863,6289,0,0,0,0,0,0,0,0,0,6292,27043,7786,0,0,0,0,0,0,0,0,0,7786,39404,9635,0,0,0,0,0,0,0,0,0,9635,10953,9869,0,0,0,0,0,0,0,0,0
19,1,2,Gen. Public Services not elsewhere defined,current_capital; current_revenue; dev_capital; dev_revenue,2010-11,2024-25,17017,11408,58483,0,0,0,23695,16358,17252,0,0,0,58483,13150,43278,0,0,0,17252,22542,18283,0,0,0,43278,6673,44854,0,0,0,18283,17379,24659,0,0,0,44854,6911,33714,0,0,4203,24659,23919,28806,0,0,0,33714,5557,34287,0,0,0,28806,28162,28606,0,0,0,34287,17260,9920,0,0,0,28606,29004,29762,0,0,0,9920,7053,11160,0,0,0,29762,42288,33417,0,0,24,11160,7815,10605,0,0,0,33417,53384,45888,24,60,55,10605,8576,48365,0,0,0,45888,53323,47867,55,25,109,48365,8732,204410,0,0,0,47867,57826,19751,0,0,0,204410,7881,40329,0,0,0,28101,16853,25830,0,0,80,40329,12330,9788,0,0,0,25830,26071,39349,80,80,0,9788,9971,11860,0,0,0,39349,14779,1225,0,0,0,11860,11362,16113,0,0,0,1225,564,6136,0,0,0,16113,17255,25005,0,0,0,0,0,0,0,0,0,25005,27479,50484,0,0,0,500,453,377,0,0,0
21,2,2,Defence Services,current_revenue; dev_capital; dev_revenue,2010-11,2025-26,341624,376846,440746,0,0,0,0,0,0,0,0,0,440746,443245,493745,0,0,0,0,0,0,0,0,0,493745,508221,543823,0,0,0,0,0,0,0,0,0,543823,568617,625336,0,0,0,0,0,0,0,0,0,625336,627856,698259,0,0,0,0,0,0,0,0,0,698259,717871,779140,0,0,0,0,0,0,0,0,0,779140,773090,858047,0,0,0,0,0,0,0,0,0,858047,838047,917949,0,0,0,0,0,0,0,0,0,917949,995949,1097949,0,0,0,0,0,0,0,0,0,1097949,1134501,1149665,0,0,0,0,0,0,0,0,0,1149665,1224522,1286192,0,0,0,0,0,0,0,0,0,1290000,1295000,1370000,0,0,0,0,125,1400,0,0,0,1370000,1480245,1563000,0,0,0,1400,1895,1714,0,0,0,1563000,1586884,1804000,0,0,0,1714,1714,1343,0,0,0,1804000,1835528,2122000,0,0,0,1343,1524,2068,0,0,0,2122000,2181496,2550000,0,0,0,2068,1844,556,0,0,0
A01,21,2,Employees Related Expenses,current_revenue; dev_capital,2010-11,2025-26,115034,138389,176726,0,0,0,0,0,0,0,0,0,176726,176726,206488,0,0,0,0,0,0,0,0,0,206488,209309,229577,0,0,0,0,0,0,0,0,0,229577,250777,271211,0,0,0,0,0,0,0,0,0,271211,271729,293599,0,0,0,0,0,0,0,0,0,293599,300766,326048,0,0,0,0,0,0,0,0,0,326048,323795,327300,0,0,0,0,0,0,0,0,0,327300,286540,322142,0,0,0,0,0,0,0,0,0,322142,363476,422911,0,0,0,0,0,0,0,0,0,422911,427034,450413,0,0,0,0,0,0,0,0,0,450413,455860,475657,0,0,0,0,0,0,0,0,0,475657,471762,481592,0,0,0,0,0,0,0,0,0,481592,560223,607494,0,0,0,0,0,0,0,0,0,607494,610984,705054,0,0,0,0,0,0,0,0,0,705054,716142,815186,0,0,0,0,0,0,0,0,0,815186,826794,846032,0,0,0,0,0,0,0,0,0
A02,21,2,Project Pre-investment Analysis,dev_capital,2010-11,2025-26,0,0,0,0,0,0,0,0,0,0,0,0,0,0,0,0,0,0,0,0,0,0,0,0,0,0,0,0,0,0,0,0,0,0,0,0,0,0,0,0,0,0,0,0,0,0,0,0,0,0,0,0,0,0,0,0,0,0,0,0,0,0,0,0,0,0,0,0,0,0,0,0,0,0,0,0,0,0,0,0,0,0,0,0,0,0,0,0,0,0,0,0,0,0,0,0,0,0,0,0,0,0,0,0,0,0,0,0,0,0,0,0,0,0,0,0,0,0,0,0,0,0,0,0,0,0,0,0,0,0,0,0,0,0,0,0,0,0,0,0,0,0,0,0,0,0,0,0,0,0,0,0,0,0,0,0,0,0,0,0,0,0,0,0,0,0,0,0,0,0,0,0,0,0,0,0,0,0,0,0,0,0,0,0,0,0,0,0,0,0,0,0
A03,21,2,Operating Expenses,current_revenue; dev_capital,2010-11,2025-26,92210,97398,111240,0,0,0,0,0,0,0,0,0,111240,111327,128283,0,0,0,0,0,0,0,0,0,128283,131123,143544,0,0,0,0,0,0,0,0,0,143544,146502,162217,0,0,0,0,0,0,0,0,0,162217,164652,180250,0,0,0,0,0,0,0,0,0,180250,180515,200625,0,0,0,0,0,0,0,0,0,200625,197114,216149,0,0,0,0,0,0,0,0,0,216149,221308,225521,0,0,0,0,0,0,0,0,0,225521,250775,253467,0,0,0,0,0,0,0,0,0,253467,286631,264656,0,0,0,0,0,0,0,0,0,264656,318114,301109,0,0,0,0,0,0,0,0,0,301109,308970,327136,0,0,0,0,0,0,0,0,0,327136,356323,368915,0,0,0,0,0,0,0,0,0,368915,0,0,0,0,0,0,0,0,0,0,0,442232,451332,513328,0,0,0,0,0,0,0,0,0,513328,547013,704399,0,0,0,0,0,0,0,0,0
A04,21,2,Employees Retirement Benefits,dev_capital,2010-11,2025-26,0,0,0,0,0,0,0,0,0,0,0,0,0,0,0,0,0,0,0,0,0,0,0,0,0,0,0,0,0,0,0,0,0,0,0,0,0,0,0,0,0,0,0,0,0,0,0,0,0,0,0,0,0,0,0,0,0,0,0,0,0,0,0,0,0,0,0,0,0,0,0,0,0,0,0,0,0,0,0,0,0,0,0,0,0,0,0,0,0,0,0,0,0,0,0,0,0,0,0,0,0,0,0,0,0,0,0,0,0,0,0,0,0,0,0,0,0,0,0,0,0,0,0,0,0,0,0,0,0,0,0,0,0,0,0,0,0,0,0,0,0,0,0,0,0,0,0,0,0,0,0,0,0,0,0,0,0,0,0,0,0,0,0,0,0,0,0,0,0,0,0,0,0,0,0,0,0,0,0,0,0,0,0,0,0,0,0,0,0,0,0,0
A05,21,2,"Grants, Subsidies & Write off Loans",dev_capital,2010-11,2025-26,0,0,0,0,0,0,0,0,0,0,0,0,0,0,0,0,0,0,0,0,0,0,0,0,0,0,0,0,0,0,0,0,0,0,0,0,0,0,0,0,0,0,0,0,0,0,0,0,0,0,0,0,0,0,0,0,0,0,0,0,0,0,0,0,0,0,0,0,0,0,0,0,0,0,0,0,0,0,0,0,0,0,0,0,0,0,0,0,0,0,0,0,0,0,0,0,0,0,0,0,0,0,0,0,0,0,0,0,0,0,0,0,0,0,0,0,0,0,0,0,0,0,0,0,0,0,0,0,0,0,0,0,0,0,0,0,0,0,0,0,0,0,0,0,0,0,0,0,0,0,0,0,0,0,0,0,0,0,0,0,0,0,0,0,0,0,0,0,0,0,0,0,0,0,0,0,0,0,0,0,0,0,0,0,0,0,0,0,0,0,0,0
A06,21,2,Transfers,dev_capital,2010-11,2025-26,0,0,0,0,0,0,0,0,0,0,0,0,0,0,0,0,0,0,0,0,0,0,0,0,0,0,0,0,0,0,0,0,0,0,0,0,0,0,0,0,0,0,0,0,0,0,0,0,0,0,0,0,0,0,0,0,0,0,0,0,0,0,0,0,0,0,0,0,0,0,0,0,0,0,0,0,0,0,0,0,0,0,0,0,0,0,0,0,0,0,0,0,0,0,0,0,0,0,0,0,0,0,0,0,0,0,0,0,0,0,0,0,0,0,0,0,0,0,0,0,0,0,0,0,0,0,0,0,0,0,0,0,0,0,0,0,0,0,0,0,0,0,0,0,0,0,0,0,0,0,0,0,0,0,0,0,0,0,0,0,0,0,0,0,0,0,0,0,0,0,0,0,0,0,0,0,0,0,0,0,0,0,0,0,0,0,0,0,0,0,0,0
A07,21,2,Interest Payment,dev_capital,2010-11,2025-26,0,0,0,0,0,0,0,0,0,0,0,0,0,0,0,0,0,0,0,0,0,0,0,0,0,0,0,0,0,0,0,0,0,0,0,0,0,0,0,0,0,0,0,0,0,0,0,0,0,0,0,0,0,0,0,0,0,0,0,0,0,0,0,0,0,0,0,0,0,0,0,0,0,0,0,0,0,0,0,0,0,0,0,0,0,0,0,0,0,0,0,0,0,0,0,0,0,0,0,0,0,0,0,0,0,0,0,0,0,0,0,0,0,0,0,0,0,0,0,0,0,0,0,0,0,0,0,0,0,0,0,0,0,0,0,0,0,0,0,0,0,0,0,0,0,0,0,0,0,0,0,0,0,0,0,0,0,0,0,0,0,0,0,0,0,0,0,0,0,0,0,0,0,0,0,0,0,0,0,0,0,0,0,0,0,0,0,0,0,0,0,0
A08,21,2,Loans Advances,dev_capital,2010-11,2025-26,0,0,0,0,0,0,0,0,0,0,0,0,0,0,0,0,0,0,0,0,0,0,0,0,0,0,0,0,0,0,0,0,0,0,0,0,0,0,0,0,0,0,0,0,0,0,0,0,0,0,0,0,0,0,0,0,0,0,0,0,0,0,0,0,0,0,0,0,0,0,0,0,0,0,0,0,0,0,0,0,0,0,0,0,0,0,0,0,0,0,0,0,0,0,0,0,0,0,0,0,0,0,0,0,0,0,0,0,0,0,0,0,0,0,0,0,0,0,0,0,0,0,0,0,0,0,0,0,0,0,0,0,0,0,0,0,0,0,0,0,0,0,0,0,0,0,0,0,0,0,0,0,0,0,0,0,0,0,0,0,0,0,0,0,0,0,0,0,0,0,0,0,0,0,0,0,0,0,0,0,0,0,0,0,0,0,0,0,0,0,0,0
A09,21,2,Physical Assets,current_revenue; dev_capital,2010-11,2025-26,107377,110126,119370,0,0,0,0,0,0,0,0,0,119370,117557,117591,0,0,0,0,0,0,0,0,0,117591,125586,120522,0,0,0,0,0,0,0,0,0,120522,121561,131389,0,0,0,0,0,0,0,0,0,131389,131000,152841,0,0,0,0,0,0,0,0,0,152841,163588,169648,0,0,0,0,0,0,0,0,0,169648,169150,211702,0,0,0,0,0,0,0,0,0,211702,217383,243991,0,0,0,0,0,0,0,0,0,243991,250419,282328,0,0,0,0,0,0,0,0,0,282328,279400,315375,0,0,0,0,0,0,0,0,0,315375,317118,357756,0,0,0,0,0,0,0,0,0,357756,357393,391499,0,0,0,0,0,0,0,0,0,391499,389555,411157,0,0,0,0,0,0,0,0,0,411157,414621,461195,0,0,0,0,0,0,0,0,0,461195,464078,548612,0,0,0,0,0,0,0,0,0,548612,550192,663077,0,0,0,0,0,0,0,0,0
A11,21,2,Investments,dev_capital,2010-11,2025-26,0,0,0,0,0,0,0,0,0,0,0,0,0,0,0,0,0,0,0,0,0,0,0,0,0,0,0,0,0,0,0,0,0,0,0,0,0,0,0,0,0,0,0,0,0,0,0,0,0,0,0,0,0,0,0,0,0,0,0,0,0,0,0,0,0,0,0,0,0,0,0,0,0,0,0,0,0,0,0,0,0,0,0,0,0,0,0,0,0,0,0,0,0,0,0,0,0,0,0,0,0,0,0,0,0,0,0,0,0,0,0,0,0,0,0,0,0,0,0,0,0,0,0,0,0,0,0,0,0,0,0,0,0,0,0,0,0,0,0,0,0,0,0,0,0,0,0,0,0,0,0,0,0,0,0,0,0,0,0,0,0,0,0,0,0,0,0,0,0,0,0,0,0,0,0,0,0,0,0,0,0,0,0,0,0,0,0,0,0,0,0,0
A12,21,2,Civil Works,current_revenue; dev_capital,2010-11,2025-26,27495,32088,34664,0,0,0,0,0,0,0,0,0,34664,38890,42638,0,0,0,0,0,0,0,0,0,42638,43303,51356,0,0,0,0,0,0,0,0,0,51356,51343,62183,0,0,0,0,0,0,0,0,0,62183,62139,73310,0,0,0,0,0,0,0,0,0,73310,74743,84680,0,0,0,0,0,0,0,0,0,84680,84891,104849,0,0,0,0,0,0,0,0,0,104849,114769,128346,0,0,0,0,0,0,0,0,0,128346,133330,141293,0,0,0,0,0,0,0,0,0,141293,143487,123252,0,0,0,0,0,0,0,0,0,123252,135715,155478,0,0,0,0,0,0,0,0,0,155478,156875,169773,0,0,0,0,0,0,0,0,0,169773,174144,175434,0,0,0,0,0,0,0,0,0,175434,180803,195520,0,0,0,0,0,0,0,0,0,195520,203976,244874,0,0,0,0,0,0,0,0,0,244874,257497,336492,0,0,0,0,0,0,0,0,0
A13,21,2,Repairs & Maintenance,dev_capital,2010-11,2025-26,0,0,0,0,0,0,0,0,0,0,0,0,0,0,0,0,0,0,0,0,0,0,0,0,0,0,0,0,0,0,0,0,0,0,0,0,0,0,0,0,0,0,0,0,0,0,0,0,0,0,0,0,0,0,0,0,0,0,0,0,0,0,0,0,0,0,0,0,0,0,0,0,0,0,0,0,0,0,0,0,0,0,0,0,0,0,0,0,0,0,0,0,0,0,0,0,0,0,0,0,0,0,0,0,0,0,0,0,0,0,0,0,0,0,0,0,0,0,0,0,0,0,0,0,0,0,0,0,0,0,0,0,0,0,0,0,0,0,0,0,0,0,0,0,0,0,0,0,0,0,0,0,0,0,0,0,0,0,0,0,0,0,0,0,0,0,0,0,0,0,0,0,0,0,0,0,0,0,0,0,0,0,0,0,0,0,0,0,0,0,0,0
24,2,2,Survey of Pakistan,dev_capital; dev_revenue,2013-14,2025-26,0,0,0,0,0,0,0,0,0,0,0,0,0,0,0,0,0,0,0,0,0,0,0,0,0,0,0,0,0,0,0,0,0,0,0,0,0,0,0,0,0,0,0,0,0,0,0,0,0,0,0,0,0,0,0,0,0,0,0,0,0,0,0,0,0,0,0,0,0,0,0,0,0,0,0,0,0,0,0,0,0,0,0,0,0,0,0,0,0,0,0,0,0,0,0,0,0,0,0,0,0,0,0,0,0,0,0,0,0,0,0,0,0,0,0,0,0,0,0,0,0,0,0,0,0,0,0,0,0,0,0,0,0,0,0,0,0,0,0,0,0,0,0,0,0,0,0,0,0,0,0,0,0,0,0,0,0,0,0,0,0,0,0,0,124,0,0,0,0,0,0,0,0,0,124,164,330,0,0,0,0,0,0,0,0,0,330,456,248,0,0,0
25,2,2,Defence Administration,current_revenue; dev_capital; dev_revenue,2010-11,2025-26,1289,1289,1427,0,0,0,1742,1033,1291,0,0,0,1427,1395,1470,0,0,0,1291,310,1490,0,0,0,1470,1958,1564,0,0,0,1490,1393,2021,0,0,0,1564,1749,1890,0,0,0,2021,478,2370,0,0,0,1890,1896,1889,0,0,0,2370,512,1136,0,0,0,1889,2131,2022,0,0,0,1136,2839,1967,0,0,0,2022,2771,2122,0,0,0,1967,1914,2998,0,0,0,2122,3395,2217,0,0,0,2998,2499,4717,0,0,0,2217,3288,2385,0,0,0,4717,3237,2886,0,0,0,2385,3210,2870,0,0,0,2886,1645,1771,0,0,0,2870,2866,2943,0,0,0,1771,1700,1579,0,0,0,2943,4188,3275,0,0,0,1579,1079,1792,0,0,0,3275,3677,3698,0,0,0,1792,1306,2200,0,0,0,3698,4300,5467,0,0,0,2200,2330,2000,0,0,0,5467,5312,6781,0,0,0,2000,1365,4176,0,0,0,6781,8417,7950,0,0,0,4176,2586,1916,0,0,0
31,3,2,Law Courts,current_revenue; dev_capital; dev_revenue,2010-11,2025-26,1483,1488,1744,0,0,0,1850,875,794,0,0,0,1744,1766,2401,0,0,0,794,812,1060,0,0,0,2401,2471,2915,0,0,0,1060,1048,1000,0,0,0,2915,3051,3328,0,0,0,1000,1000,2082,0,0,0,3328,3295,3906,0,0,0,2082,1006,2332,0,0,0,3906,4024,4396,0,0,0,2332,714,1468,0,0,0,4396,4508,5061,0,0,0,1468,1357,1420,0,0,0,5061,5018,5174,0,0,0,1420,998,1017,0,0,0,5174,5179,5631,0,0,0,1017,797,978,0,0,0,5631,5578,6012,0,0,0,978,547,1275,0,0,0,6012,5992,6937,0,0,0,1275,756,991,0,0,0,6937,7248,7974,0,0,0,991,2354,6001,0,0,0,7974,8398,9256,0,0,0,6001,2390,1814,0,0,0,9256,9117,11708,0,0,0,1814,1140,1400,0,0,0,11708,11325,13601,0,0,0,1400,961,1230,0,0,0,13601,13856,19380,0,0,0,1230,929,1912,0,0,0
32,3,2,Police,current_revenue; dev_capital; dev_revenue,2010-11,2025-26,32169,34273,47760,0,0,0,2394,1260,1088,0,0,0,47760,55058,55429,0,0,0,1088,528,1632,0,0,0,55429,55964,64794,0,0,0,1632,1614,1657,0,0,0,64794,66082,72499,0,0,0,1657,1229,1832,0,0,0,72499,71437,79834,0,0,0,1832,1821,1575,0,0,0,79834,80741,87513,0,0,0,1575,1393,2105,0,0,0,87513,87534,95325,0,0,0,2105,4182,4497,0,0,0,95325,110841,101174,0,0,0,4497,5335,4365,0,0,0,101174,110802,122974,0,0,0,4365,3975,3034,0,0,0,122974,123689,142837,0,0,0,3034,2499,2632,0,0,0,142837,143207,158621,0,0,0,2632,2620,2169,0,0,0,158621,157312,165153,0,0,0,2169,1598,2492,0,0,0,165153,177553,190265,0,0,0,2492,2623,2268,0,0,0,190265,193002,214055,0,0,0,2268,1154,1736,0,0,0,214055,234890,255305,0,0,0,1736,1547,1673,0,0,0,255305,286390,321177,0,0,0,1673,2067,986,0,0,0
33,3,2,Fire Protection,current_revenue; dev_capital; dev_revenue,2010-11,2025-26,81,81,89,0,0,0,2,2,9,0,0,0,89,89,102,0,0,0,9,1,9,0,0,0,102,102,123,0,0,0,9,9,45,0,0,0,123,123,150,0,0,0,45,45,49,0,0,0,150,141,155,0,0,0,49,49,24,0,0,0,155,155,171,0,0,0,24,17,51,0,0,0,171,171,183,0,0,0,51,31,30,0,0,0,183,183,203,0,0,0,30,30,20,0,0,0,203,203,293,0,0,0,20,20,0,0,0,0,293,287,274,0,0,0,0,0,0,0,0,0,274,274,303,0,0,0,0,0,0,0,0,0,303,266,290,0,0,0,0,0,0,0,0,0,290,290,309,0,0,0,0,0,0,0,0,0,309,305,338,0,0,0,0,0,0,0,0,0,338,381,491,0,0,0,0,0,0,0,0,0,491,480,709,0,0,0,0,0,0,0,0,0
34,3,2,Prison Administration Operation,current_revenue; dev_capital; dev_revenue,2010-11,2024-25,15,15,17,0,0,0,0,0,0,0,0,0,17,17,23,0,0,0,0,0,0,0,0,0,23,23,27,0,0,0,0,720,0,0,0,0,27,28,30,0,0,0,0,0,0,0,0,0,30,29,33,0,0,0,0,0,0,0,0,0,33,33,36,0,0,0,0,0,0,0,0,0,36,35,38,0,0,0,0,0,0,0,0,0,0,38,3943,0,0,0,0,0,0,0,0,0,0,43,4353,0,0,0,0,0,0,0,0,0,0,53,43,0,0,0,0,0,0,0,0,0,43,43,47,0,0,0,0,0,0,0,0,0,47,42,48,0,0,0,0,0,0,0,0,0,48,44,44,0,0,0,0,0,0,0,0,0,44,46,50,0,0,0,0,0,0,0,0,0,50,64,108,0,0,0,0,0,0,0,0,0,108,96,181,0,0,0,0,0,0,0,0,0
35,3,2,R&D Public Order and Safety Affairs,current_revenue; dev_capital,2010-11,2025-26,16,92,17,0,0,0,0,0,0,0,0,0,17,17,19,0,0,0,0,0,0,0,0,0,19,19,25,0,0,0,0,0,0,0,0,0,25,25,26,0,0,0,0,0,0,0,0,0,26,23,25,0,0,0,0,0,0,0,0,0,25,25,29,0,0,0,0,0,0,0,0,0,29,29,31,0,0,0,0,0,0,0,0,0,0,31,3132,0,0,0,0,0,0,0,0,0,0,32,3236,0,0,0,0,0,0,0,0,0,0,36,47,0,0,0,0,0,0,0,0,0,47,47,50,0,0,0,0,0,0,0,0,0,50,60,56,0,0,0,0,0,0,0,0,0,56,65,56,0,0,0,0,0,0,0,0,0,56,60,60,0,0,0,0,0,0,0,0,0,60,65,70,0,0,0,0,0,0,0,0,0,70,80,98,0,0,0,0,0,0,0,0,0
36,3,2,Administration of Public Order,current_revenue; dev_capital; dev_revenue,2010-11,2025-26,877,1436,1637,0,0,0,40,40,3,0,0,0,1637,1789,1635,0,0,0,3,8,352,0,0,0,1635,3270,2273,0,0,0,352,409,2829,0,0,0,2273,2705,2428,0,0,0,2829,126,378,0,0,0,2428,2114,2496,0,0,0,378,0,125,0,0,0,2496,2619,2754,0,0,0,125,106,152,0,0,0,2754,2883,2820,0,0,0,152,31,210,0,0,0,2820,3378,2977,0,0,0,210,63,316,0,0,0,2977,3157,3302,0,0,0,316,57,300,0,0,0,3302,3381,3706,0,0,0,300,1,143,0,0,0,3706,3705,4003,0,0,0,143,39,169,0,0,0,4003,4024,4990,0,0,0,169,130,226,0,0,0,4990,5142,9231,0,0,0,226,96,162,0,0,0,9231,6649,11004,0,0,0,162,169,792,0,0,0,11004,6773,13477,0,0,0,792,113,104,0,0,0,13477,6780,10135,0,0,0,104,104,23,0,0,0
41,4,2,"Gen. Eco., Commercial & Labour Affairs",current_capital; current_revenue; dev_capital; dev_revenue,2010-11,2024-25,35169,30544,24603,7,7,7,1192,226,708,443,76,468,24603,33831,25166,7,7,0,708,308,519,468,40,106,25166,15299,22887,0,0,0,519,369,761,106,49,68,22887,16813,14940,0,0,0,761,587,1084,68,67,50,14940,10184,10692,0,0,0,1084,932,609,50,26,50,10692,8805,18280,0,0,0,609,416,986,50,22,349,18280,18828,17066,0,0,0,986,247,1241,349,349,587,17066,10451,17474,0,0,0,1241,874,1858,587,587,554,17474,22896,26306,0,0,0,1858,757,2300,554,487,573,26306,58113,32580,0,0,0,2300,73,417,573,463,434,32580,53301,14108,0,0,0,417,6,117,434,8,27,14108,87982,31054,0,0,0,117,67,2955,27,17,70,31054,39572,38744,0,0,0,2955,1203,1569,70,208,300,38744,101801,53038,0,0,0,1569,636,1297,300,125,598,53038,87180,204400,0,0,0,1297,331,5784,598,264,671,204400,203866,117035,0,0,0,5784,3716,4058,671,741,719
42,4,2,"Agri., Food, Irrigation, Forestry & Fishing",current_capital; current_revenue; dev_capital; dev_revenue,2010-11,2024-25,38300,38304,29821,1,1,1,63723,40617,38552,0,0,0,29821,15840,12108,1,1,1,38552,19720,33377,0,0,17,12108,42893,15759,1,1,0,33377,32855,45085,17,117,125,15759,17478,20430,0,0,0,45085,43341,56462,125,125,100,20430,17835,20523,0,0,0,56462,52359,42639,100,100,165,20523,26623,23497,0,0,0,42639,39087,29378,165,123,58,23497,30197,27517,0,0,0,29378,31750,29863,58,3,145,27517,56101,26020,0,0,0,29863,29007,35901,145,50,93,26020,37935,31188,0,0,0,35901,34159,63091,93,37,120,31188,30476,4917,0,0,0,63091,21354,78581,120,0,0,4917,4916,13696,0,0,0,99081,82200,77450,0,0,0,13696,29400,14098,0,0,0,77450,53017,102742,0,0,0,14098,16090,16907,0,0,0,102742,85565,101046,0,0,0,16907,16817,32704,0,0,0,101046,97114,131761,0,0,0,32704,39426,24661,0,0,0,133761,101361,204988,0,0,0,24661,26723,33476,0,0,0,204988,118253,72162,0,0,0
43,4,2,Fuel and Energy,current_revenue; dev_capital; dev_revenue,2010-11,2025-26,468,660,507,0,0,0,386,76,221,0,0,0,507,11401,539,0,0,0,221,13,154,0,0,0,539,682,692,0,0,0,154,354,270,0,0,0,692,792,642,0,0,0,270,389,86,0,0,0,642,865,671,0,0,0,86,86,268,0,0,0,671,960,769,0,0,0,268,268,100,0,0,0,769,1673,797,0,0,0,100,0,220,0,0,0,797,1583,803,0,0,0,220,70,100,0,0,0,803,764,709,0,0,0,100,2293,100,0,16034,370,709,26690,24718,0,0,0,100,0,50,370,0,148,24718,23299,10762,0,0,0,50,50,2741,148,238,1760,10762,12762,20770,0,0,0,2741,1810,19764,1760,1779,3180,20770,341890,71926,0,0,0,19764,1901,8509,3180,948,1181,71926,135159,51943,0,0,0,8509,8542,6199,1181,461,902,51943,51851,19650,0,0,0,6199,8805,32124,902,1860,2555,19650,20230,2397,0,0,0,32124,31225,7009,2555,2485,0
44,4,2,Mining and Manufacturing,current_revenue; dev_capital; dev_revenue,2010-11,2025-26,1715,1634,1806,0,0,0,1,0,0,11566,3525,4220,1806,1618,1760,0,0,0,0,0,0,4220,1567,2138,1760,1937,2021,0,0,0,0,0,0,2138,1899,1386,2021,2224,1964,0,0,0,0,0,0,1386,1332,1880,1964,1205,1276,0,0,0,0,0,0,1880,1390,1148,1276,1276,1403,0,0,0,0,0,0,1148,662,791,1403,1402,1510,0,0,0,0,0,0,791,780,910,1510,1567,1565,0,0,0,0,0,0,910,780,2737,1565,1693,1773,0,0,0,0,0,125,2737,569,1775,1773,6461,1811,0,0,0,125,77,100,1775,686,2343,1811,2310,1968,0,0,0,100,80,80,2343,726,800,1968,2689,2278,0,0,0,80,80,80,800,769,2916,2278,2277,2290,0,0,0,80,80,808,2916,1701,2850,2290,2368,2884,0,0,0,808,115,1115,2850,2171,13000,2884,3089,9503,0,0,0,1115,114,1658,13000,1923,4919,9503,9311,7586,0,0,0,1658,662,1105,4919,2129,1904
45,4,2,Construction and Transport,current_revenue; dev_capital; dev_revenue,2010-11,2025-26,6919,6919,7503,0,0,0,6873,11339,3304,9800,10567,8394,7503,7285,8415,0,0,0,3304,3245,3173,8394,3673,5147,8415,8360,9064,0,0,0,3173,3147,1190,5147,13843,9212,9064,9026,10050,0,0,0,1190,1107,1921,9212,19517,7746,10050,8972,10530,0,0,0,1921,930,1790,7746,9091,4972,10530,12353,11854,0,0,0,1790,9476,5899,4972,6179,14744,11854,11595,12045,0,0,0,5899,4023,13819,14744,11004,19450,12045,11730,12354,0,0,0,13819,17215,27417,19450,7715,23269,12354,12354,15564,0,0,0,27417,25094,30411,23269,10713,9959,15564,15604,14753,0,0,0,30411,10570,24673,9959,4087,10634,14753,14752,15638,0,0,0,24673,13527,32408,10634,3087,10724,15638,22246,26700,0,0,0,32408,14326,23142,10724,16544,30299,26700,32653,30241,0,0,0,23142,10812,55231,30299,15084,16963,30241,30782,40513,0,0,0,55231,15998,39144,16963,16145,43395,40513,40265,45877,0,0,0,39144,28276,58735,43395,86866,33839,45877,44412,46228,0,0,0,58735,53173,20325,33839,10672,17280
46,4,2,Communications,current_revenue; dev_capital; dev_revenue,2010-11,2025-26,1689,1689,1773,0,0,0,841,413,389,0,0,0,1773,1677,2115,0,0,0,389,158,447,0,0,0,2115,2099,2168,0,0,0,447,442,1821,0,0,0,2168,2165,2804,0,0,0,1821,1179,2905,0,0,0,2804,2697,2502,0,0,0,2905,1964,2283,0,0,0,2502,3707,2887,0,0,0,2283,2283,1702,0,0,0,2887,2887,3021,0,0,0,1702,1917,1812,0,0,0,3021,3124,3113,0,0,0,1812,747,938,0,0,0,3113,3316,3461,0,0,0,938,2057,1930,0,0,9844,3461,3452,3714,0,0,0,1930,719,2215,9844,2437,3535,3714,4182,3779,0,0,0,2215,4044,3346,3535,4306,1416,3779,25716,18916,0,0,0,3346,1739,3679,1416,1385,2436,18916,19672,20836,0,0,0,3679,2854,1760,2436,1211,2526,20836,21615,26811,0,0,0,1760,2443,1807,2526,1528,2058,26811,37153,51510,0,0,0,1807,2754,1042,2058,2087,0,51510,58041,33103,0,0,0,1042,1232,814,0,1050,1241
47,4,2,Other Industries,current_revenue; dev_capital; dev_revenue,2010-11,2025-26,666,858,885,0,0,0,662,361,290,0,0,0,885,8308,205,0,0,0,290,86,133,0,0,0,205,972,1050,0,0,0,133,111,138,0,0,0,1050,1242,1431,0,0,0,138,138,301,0,0,0,1431,1229,1391,0,0,0,301,301,329,0,0,0,1391,1541,1506,0,0,0,329,109,165,0,0,0,1506,1553,1584,0,0,0,165,35,150,0,0,0,1584,2142,1611,0,0,0,150,0,218,0,0,0,1611,1785,1749,0,0,0,218,21,330,0,0,0,1749,1643,1674,0,0,0,330,61,403,0,0,0,1674,3651,11800,0,0,0,35403,51334,146,0,0,0,11800,11457,1426,0,0,0,146,74,43,0,0,0,384,396,224,0,0,0,43,43,0,0,0,0,1658,1652,1741,0,0,0,0,0,22,0,0,0,1741,1893,1347,0,0,0,22,22,0,0,0,0,1347,1536,1525,0,0,0,0,0,0,0,0,0
48,4,2,R&D and Other Expenditure Economic Affairs (Housing & Works),current_revenue; dev_capital; dev_revenue,2013-14,2024-25,0,0,0,0,0,0,0,0,0,0,0,0,0,0,0,0,0,0,0,0,0,0,0,0,0,0,0,0,0,0,0,0,0,0,0,0,0,0,0,0,0,0,0,0,0,0,0,0,0,0,0,0,0,0,0,0,0,0,0,0,0,0,0,0,0,0,0,0,0,0,0,0,0,0,0,0,0,0,0,0,0,0,0,0,0,0,0,0,0,0,0,0,0,0,0,0,0,0,0,0,0,0,0,0,0,0,0,0,0,0,0,0,0,0,0,0,0,0,0,0,0,0,0,0,0,0,0,0,0,0,0,0,0,0,0,0,0,0,0,0,0,0,0,0,0,500,1201,0,0,0,0,0,0,0,0,0,1201,1176,1200,0,0,0,0,0,55,0,0,0,1200,786,785,0,0,0,55,0,1488,0,0,0,785,748,793,0,0,0,1488,1293,138,0,0,0
52,5,2,Waste Water Management,current_revenue; dev_capital,2010-11,2020-21,415,415,448,0,0,0,0,0,0,0,0,0,448,448,577,0,0,0,0,0,0,0,0,0,577,577,620,0,0,0,0,0,0,0,0,0,620,620,692,0,0,0,0,0,0,0,0,0,692,687,699,0,0,0,0,0,0,0,0,0,699,699,800,0,0,0,0,0,0,0,0,0,800,800,800,0,0,0,0,0,0,0,0,0,800,800,863,0,0,0,0,0,0,0,0,0,863,863,960,0,0,0,0,0,0,0,0,0,960,960,0,0,0,0,0,0,0,0,0,0,0,0,0,0,0,0,0,0,0,0,0,0,0,0,0,0,0,0,0,0,0,0,0,0,0,0,0,0,0,0,0,0,0,0,0,0,0,0,0,0,0,0,0,0,0,0,0,0,0,0,0,0,0,0,0,0,0,0,0,0,0,0,0,0,0,0,0,0,0,0,0,0
53,5,2,Pollution Abatement,current_revenue; dev_capital,2013-14,2025-26,0,0,0,0,0,0,0,0,0,0,0,0,0,0,0,0,0,0,0,0,0,0,0,0,0,0,0,0,0,0,0,0,0,0,0,0,0,0,0,0,0,0,0,0,0,0,0,0,0,0,0,0,0,0,0,0,0,0,0,0,0,0,0,0,0,0,0,0,0,0,0,0,0,0,0,0,0,0,0,0,0,0,0,0,0,0,0,0,0,0,0,0,0,0,0,0,0,0,0,0,0,0,0,0,0,0,0,0,0,0,0,0,0,0,0,0,0,0,0,0,0,0,0,0,0,0,0,0,0,0,0,0,0,0,0,0,0,0,0,0,0,0,0,0,0,0,0,0,0,0,0,0,0,0,0,0,0,0,200,0,0,0,0,0,0,0,0,0,200,200,6290,0,0,0,0,0,0,0,0,0,6290,6290,2155,0,0,0,0,0,0,0,0,0
54,5,2,Other Expenditure of Industries,current_revenue; dev_capital,2013-14,2024-25,0,0,0,0,0,0,0,0,0,0,0,0,0,0,0,0,0,0,0,0,0,0,0,0,0,0,0,0,0,0,0,0,0,0,0,0,0,0,0,0,0,0,0,0,0,0,0,0,0,0,0,0,0,0,0,0,0,0,0,0,0,0,0,0,0,0,0,0,0,0,0,0,0,0,0,0,0,0,0,0,0,0,0,0,0,0,0,0,0,0,0,0,0,0,0,0,0,0,0,0,0,0,0,0,0,0,0,0,0,0,0,0,0,0,0,0,0,0,0,0,0,0,0,0,0,0,0,0,0,0,0,0,0,0,0,0,0,0,0,0,0,0,0,0,0,0,187,0,0,0,0,0,0,0,0,0,187,99,300,0,0,0,0,0,0,0,0,0,300,220,0,0,0,0,0,0,0,0,0,0,0,0,0,0,0,0,0,0,0,0,0,0
55,5,2,Administration of Environment Protection Affairs,current_revenue; dev_capital; dev_revenue,2012-13,2024-25,0,0,0,0,0,0,0,0,0,0,0,0,0,0,0,0,0,0,0,0,0,0,0,0,0,22,116,0,0,0,0,0,135,0,0,0,116,116,232,0,0,0,135,1058,59,0,0,0,232,212,237,0,0,0,59,23,25,0,0,0,237,237,255,0,0,0,25,10,40,0,0,0,255,290,267,0,0,0,40,12,1027,0,0,0,267,558,278,0,0,0,1027,573,815,0,0,0,278,365,300,0,0,0,815,785,803,0,0,0,300,311,470,0,0,0,803,71,7579,0,0,0,470,470,431,0,0,0,7579,7573,5000,0,0,0,431,399,436,0,0,0,5000,5000,14327,0,0,0,436,452,562,0,0,0,14327,9573,9600,0,0,0,562,561,726,0,0,0,9600,4071,4050,0,0,0,726,722,962,0,0,0,4050,2750,6257,0,0,0,962,967,1013,0,0,0,6257,3535,2784,0,0,0
61,6,2,Housing Development,current_revenue; dev_capital; dev_revenue,2010-11,2025-26,0,0,0,0,0,0,1,1,4,0,0,0,0,0,0,0,0,0,4,1,6,0,0,0,0,0,0,0,0,0,6,6,15,0,0,0,0,0,0,0,0,0,15,15,17,0,0,0,0,0,0,0,0,0,17,17,15,0,0,0,0,0,0,0,0,0,15,20,0,0,0,0,0,0,0,0,0,0,0,0,0,0,0,0,0,0,0,0,0,0,0,0,0,0,0,0,0,0,0,0,0,0,0,0,0,0,0,0,0,0,0,0,0,0,0,0,0,0,0,0,0,252,31000,0,0,0,0,0,0,0,0,0,31000,5353,30720,0,0,0,0,0,0,0,0,0,30720,510,969,0,0,0,0,0,0,0,0,0,969,564,1001,0,0,0,0,0,0,0,0,0,1001,536,1564,0,0,0,0,0,0,0,0,0,1564,434,1588,0,0,0,0,0,0,0,0,0
62,6,2,Community Development,current_revenue; dev_capital; dev_revenue,2010-11,2025-26,1522,1801,1842,0,0,0,6672,3133,4828,0,0,0,1842,1657,1602,0,0,0,4828,1803,3431,0,0,0,1602,1646,1855,0,0,0,3431,3401,2323,0,0,0,1855,1855,1912,0,0,0,2323,2013,3696,0,0,0,1912,1558,2012,0,0,0,3696,25534,2942,0,0,0,2012,2012,2256,0,0,0,2942,2114,1934,0,0,0,2256,2256,2260,0,0,0,1934,1648,2390,0,0,0,2260,2480,2329,0,0,0,2390,2646,1672,0,0,0,2329,2449,2339,0,0,0,1672,1132,14773,0,0,0,2339,2318,2292,0,0,0,14773,1626,2817,0,0,0,2292,2292,4680,0,0,0,2817,1357,8818,0,0,0,4680,4644,3877,0,0,0,8818,2912,13304,0,0,0,3877,4953,6881,0,0,0,13304,3006,4794,0,0,0,6881,6803,21985,0,0,0,4794,10590,5894,0,0,0,21985,5878,26353,0,0,0,5894,4271,7005,0,0,0,26353,8156,17661,0,0,0,7005,4889,7971,0,0,0
63,6,2,Water Supply,dev_capital; dev_revenue,2010-11,2025-26,0,0,0,0,0,0,50,45,165,0,0,0,0,0,0,0,0,0,165,105,150,0,0,0,0,0,0,0,0,0,150,150,405,0,0,0,0,0,0,0,0,0,405,305,82,0,0,0,0,0,0,0,0,0,82,82,97,0,0,0,0,0,0,0,0,0,97,97,131,0,0,0,0,0,0,0,0,0,131,131,199,0,0,0,0,0,0,0,0,0,199,0,91,0,0,0,0,0,0,0,0,0,91,91,58,0,0,0,0,0,0,0,0,0,58,0,0,0,0,0,0,0,0,0,0,0,0,0,0,0,0,0,0,0,0,0,0,0,0,0,0,0,0,0,0,0,0,0,0,0,0,0,0,0,0,0,0,0,0,0,0,0,0,0,610,0,0,272,0,0,0,0,0,0,610,17,52,272,272,0,0,0,0,0,0,0,52,0,6,0,0,0
71,7,2,"Medical Products, Appliances and Equipment",current_revenue; dev_capital,2010-11,2023-24,65,65,83,0,0,0,0,0,0,0,0,0,83,80,0,0,0,0,0,0,0,0,0,0,0,100,132,0,0,0,0,0,0,0,0,0,132,132,260,0,0,0,0,0,0,0,0,0,260,252,100,0,0,0,0,0,0,0,0,0,100,100,27,0,0,0,0,0,0,0,0,0,27,27,28,0,0,0,0,0,0,0,0,0,28,28,29,0,0,0,0,0,0,0,0,0,29,29,31,0,0,0,0,0,0,0,0,0,31,31,31,0,0,0,0,0,0,0,0,0,31,31,31,0,0,0,0,0,0,0,0,0,31,31,31,0,0,0,0,0,0,0,0,0,31,31,31,0,0,0,0,0,0,0,0,0,31,31,32,0,0,0,0,0,0,0,0,0,32,71,32,0,0,0,0,0,0,0,0,0,32,37,32,0,0,0,0,0,0,0,0,0
72,7,2,Out-Patient Services,dev_capital; dev_revenue,2010-11,2020-21,0,0,0,0,0,0,20,20,4,0,0,0,0,0,0,0,0,0,4,0,0,0,0,0,0,0,0,0,0,0,0,0,0,0,0,0,0,0,0,0,0,0,0,0,0,0,0,0,0,0,0,0,0,0,0,0,0,0,0,0,0,0,0,0,0,0,0,0,0,0,0,0,0,0,0,0,0,0,0,0,0,0,0,0,0,0,0,0,0,0,0,0,0,0,0,0,0,0,0,0,0,0,0,0,1000,0,0,0,0,0,0,0,0,0,1000,100,1500,0,0,0,0,0,0,0,0,0,1500,0,0,0,0,0,0,0,0,0,0,0,0,0,0,0,0,0,0,0,0,0,0,0,0,0,0,0,0,0,0,0,0,0,0,0,0,0,0,0,0,0,0,0,0,0,0,0,0,0,0,0,0,0,0,0,0,0,0,0,0,0,0,0,0,0
73,7,2,Hospital Services,current_revenue; dev_capital; dev_revenue,2010-11,2025-26,5708,5953,6408,0,0,0,5267,4462,2947,0,0,0,6408,6627,2435,0,0,0,2947,659,330,0,0,0,2435,5712,6609,0,0,0,330,396,719,0,0,0,6609,6659,8180,0,0,0,719,746,1263,0,0,0,8180,7740,8306,0,0,0,1263,1100,1007,0,0,0,8306,8296,9133,0,0,0,1007,925,358,0,0,0,9133,9496,10195,0,0,0,358,242,763,0,0,0,10195,10247,10823,0,0,0,763,613,2249,0,0,0,10823,10867,11657,0,0,0,2249,641,2995,0,0,0,11657,11820,8702,0,0,0,2995,450,4233,0,0,0,8702,9762,22774,0,0,0,4233,2448,6668,0,0,0,22774,16316,23982,0,0,0,6668,3683,12816,0,0,0,23982,25163,14857,0,0,0,12816,7588,6295,0,0,0,14857,15060,16567,0,0,0,6295,6058,6906,0,0,0,16567,20069,21683,0,0,0,6906,7104,14596,0,0,0,21683,22320,24035,0,0,0,14596,15432,6107,0,0,0
74,7,2,Public Health Services,current_revenue; dev_capital; dev_revenue,2010-11,2025-26,469,469,522,0,0,0,18209,14406,14179,0,0,0,522,487,140,0,0,0,14179,15332,304,0,0,0,140,696,845,0,0,0,304,386,597,0,0,0,845,845,1029,0,0,0,597,2962,3541,0,0,0,1029,375,356,0,0,0,3541,4244,4450,0,0,0,356,384,423,0,0,0,4450,3954,1764,0,0,0,423,423,418,0,0,0,1764,2958,7497,0,0,0,418,418,439,0,0,0,7497,7136,17704,0,0,0,439,442,469,0,0,0,17704,7785,11000,0,0,0,469,465,463,0,0,0,11000,5406,4945,0,0,0,463,463,504,0,0,0,4945,4639,2975,0,0,0,504,33061,849,0,0,0,2975,1975,2715,0,0,0,849,126205,1001,0,0,0,2715,1887,2894,0,0,0,1001,4442,3110,0,0,0,2894,1960,3424,0,0,0,3110,4618,1110,0,0,0,3424,3173,11846,0,0,0,1110,24488,1139,0,0,0,11846,6073,8700,0,0,0
75,7,2,R&D Health,current_revenue; dev_capital; dev_revenue,2010-11,2021-22,2,2,2,0,0,0,240,230,205,0,0,0,2,2,0,0,0,0,205,154,0,0,0,0,0,1,0,0,0,0,0,0,0,0,0,0,0,0,0,0,0,0,0,0,124,0,0,0,0,0,0,0,0,0,124,124,124,0,0,0,0,0,0,0,0,0,124,124,11,0,0,0,0,0,0,0,0,0,11,7,7,0,0,0,0,0,0,0,0,0,7,7,7,0,0,0,0,0,0,0,0,0,7,7,142,0,0,0,0,0,0,0,0,0,142,0,3,0,0,0,0,0,0,0,0,0,3,3,3,0,0,0,0,0,0,0,0,0,3,3,0,0,0,0,0,0,0,0,0,0,0,0,0,0,0,0,0,0,0,0,0,0,0,0,0,0,0,0,0,0,0,0,0,0,0,0,0,0,0,0,0,0,0,0,0,0,0,0,0,0,0,0
76,7,2,Health Administration,current_revenue; dev_capital; dev_revenue,2010-11,2025-26,241,254,269,0,0,0,10,10,8,0,0,0,269,258,70,0,0,0,8,8,0,0,0,0,70,143,259,0,0,0,0,0,0,0,0,0,259,257,394,0,0,0,0,0,22560,0,0,0,394,1070,1255,0,0,0,22560,22560,22560,0,0,0,1255,1345,1426,0,0,0,22560,24172,19151,0,0,0,1426,1466,1467,0,0,0,19151,16193,23307,0,0,0,1467,1686,1555,0,0,0,23307,23267,36790,0,0,0,1555,1606,1740,0,0,0,36790,20295,20563,0,0,0,1740,1675,1862,0,0,0,20563,2774,4195,0,0,0,1862,1767,2184,0,0,0,4195,1045,4888,0,0,0,2184,2916,3489,0,0,0,4888,2776,6216,0,0,0,3489,3490,3692,0,0,0,6216,3847,3512,0,0,0,3692,2926,4501,0,0,0,3512,4092,2941,0,0,0,4501,3031,5346,0,0,0,2941,2977,1743,0,0,0,5346,5286,6768,0,0,0,1743,690,295,0,0,0
81,8,2,Recreation and Sporting Services,current_revenue; dev_capital; dev_revenue,2010-11,2025-26,115,115,151,0,0,0,631,279,304,0,0,0,151,86,0,0,0,0,304,149,0,0,0,0,0,0,1,0,0,0,0,55,41,0,0,0,1,1,6,0,0,0,41,41,339,0,0,0,6,19,1,0,0,0,339,339,413,0,0,0,1,1,1,0,0,0,413,943,610,0,0,0,1,1,1,0,0,0,610,610,631,0,0,0,1,1,1,0,0,0,631,730,3044,0,0,0,1,1,1,0,0,0,3044,2920,3553,0,0,0,1,1,0,0,0,0,3553,2064,340,0,0,0,0,0,0,0,0,0,340,109,929,0,0,0,0.4,0.2,0.3,0,0,0,929,155,3735,0,0,0,1042,1042,1434,0,0,0,3735,824,3472,0,0,0,0,0,200,0,0,0,3472,1789,6900,0,0,0,200,200,400,0,0,0,6900,3520,3650,0,0,0,400,400,0,0,0,0,3650,1540,1180,0,0,0
82,8,2,Cultural Services,current_revenue; dev_capital; dev_revenue,2010-11,2025-26,353,378,448,0,0,0,123,63,102,0,0,0,448,314,347,0,0,0,102,47,15,0,0,0,347,417,503,0,0,0,15,0,75,0,0,0,503,522,555,0,0,0,75,75,12,0,0,0,555,554,509,0,0,0,12,12,28,0,0,0,509,508,542,0,0,0,28,28,18,0,0,0,542,541,588,0,0,0,18,12,14,0,0,0,588,1091,618,0,0,0,14,10,40,0,0,0,618,644,681,0,0,0,40,16,81,0,0,0,681,680,717,0,0,0,81,49,76,0,0,0,717,646,747,0,0,0,76,18,92,0,0,0,747,751,934,0,0,0,92,92,10,0,0,0,934,893,1215,0,0,0,10,3,161,0,0,0,1215,1166,0,0,0,0,161,3,0,0,0,0,1433,1544,1244,0,0,0,0,0,0,0,0,0,1244,1415,1503,0,0,0,0,0,250,0,0,0
83,8,2,Broadcasting and Publishing,current_revenue; dev_capital; dev_revenue,2010-11,2025-26,2520,3244,2893,0,0,0,55,23,28,0,0,0,2893,2932,3303,0,0,0,28,28,39,0,0,0,3303,4142,4807,0,0,0,39,35,30,0,0,0,4807,5122,5338,0,0,0,30,66,23,0,0,0,5338,5126,5519,0,0,0,23,10,47,0,0,0,5519,5639,5942,0,0,0,47,38,106,0,0,0,5942,7493,6200,0,0,0,106,32,13,0,0,0,6200,8333,6483,0,0,0,13,8,189,0,0,0,6483,8124,7091,0,0,0,189,39,174,0,0,0,7091,7628,7631,0,0,0,174,10,0,0,0,0,7631,7176,7500,0,0,0,0,0,0,0,0,0,7500,8912,7677,0,0,0,0,0,0,0,0,0,7677,7779,8002,0,0,0,0,0,0,51,37,100,8002,10629,0,0,0,0,1333,1151,981,0,0,0,11120,13701,12404,0,0,0,981,981,1075,0,0,250,12404,15631,16488,0,0,0,1075,1375,1616,250,535,0
84,8,2,Religious Affairs,current_revenue; dev_capital; dev_revenue,2010-11,2025-26,544,604,683,0,0,0,0,0,0,0,0,0,683,601,387,0,0,0,0,0,0,0,0,0,387,538,701,0,0,0,0,0,0,0,0,0,701,706,781,0,0,0,0,0,0,0,0,0,781,690,762,0,0,0,0,0,0,0,0,0,762,769,831,0,0,0,0,0,0,0,0,0,831,844,872,0,0,0,0,0,0,0,0,0,872,947,959,0,0,0,0,0,0,0,0,0,959,2724,1032,0,0,0,0,0,150,0,0,0,1032,1765,1050,0,0,0,150,150,1000,0,0,0,1050,1039,1122,0,0,0,1000,16280,0,0,0,0,1122,2049,1185,0,0,0,0,0,0,0,0,0,1185,1169,1210,0,0,0,0,0,0,0,0,0,1210,1201,1780,0,0,0,0,0,0,0,0,0,1780,1782,1861,0,0,0,0,0,0,0,0,0,1861,1968,2094,0,0,0,0,0,650,0,0,0
86,8,2,"Admn. of Information, Recreation & Culture",current_revenue; dev_capital,2010-11,2024-25,166,167,184,0,0,0,0,0,0,0,0,0,184,264,210,0,0,0,0,0,0,0,0,0,210,274,256,0,0,0,0,0,0,0,0,0,256,282,270,0,0,0,0,0,0,0,0,0,270,244,269,0,0,0,0,0,0,0,0,0,269,326,320,0,0,0,0,0,0,0,0,0,320,335,341,0,0,0,0,0,0,0,0,0,341,351,373,0,0,0,0,0,0,0,0,0,373,373,437,0,0,0,0,0,0,0,0,0,437,437,439,0,0,0,0,0,0,0,0,0,439,440,453,0,0,0,0,0,0,0,0,0,453,447,574,0,0,0,0,0,0,0,0,0,574,2539,3563,0,0,0,0,0,0,0,0,0,563,531,2249,0,0,0,0,0,0,0,0,0,2249,1024,2556,0,0,0,0,0,0,0,0,0,2556,1974,2074,0,0,0,0,0,0,0,0,0
91,9,2,Pre-Primary and Primary Education Affairs and Services,current_revenue; dev_capital; dev_revenue,2010-11,2023-24,2887,2887,3174,0,0,0,78,51,30,0,0,0,3174,3245,4148,0,0,0,30,7,210,0,0,0,4148,4267,4670,0,0,0,210,120,30,0,0,0,4670,4764,5832,0,0,0,30,30,0,0,0,0,5832,5712,6079,0,0,0,0,0,256,0,0,0,6079,6035,7240,0,0,0,256,0,0,0,0,0,7240,7240,8197,0,0,0,0,0,20,0,0,0,8197,8197,8748,0,0,0,20,7,11,0,0,0,8748,8768,10120,0,0,0,11,11,43,0,0,0,10120,10120,2831,0,0,0,43,13,30,0,0,0,2831,2781,2931,0,0,0,30,15,65,0,0,0,2931,2931,3021,0,0,0,65,53,18,0,0,0,3021,3021,3786,0,0,0,18,5,9,0,0,0,3786,3806,4468,0,0,0,9,7,0,0,0,0,4468,5128,5224,0,0,0,0,0,0,0,0,0,5224,5812,5841,0,0,0,0,0,0,0,0,0
92,9,2,Secondary Education Affairs and Services,current_revenue; dev_capital; dev_revenue,2010-11,2024-25,3828,3828,4232,0,0,0,236,151,67,0,0,0,4232,4425,4893,0,0,0,67,17,63,0,0,0,4893,5524,5699,0,0,0,63,68,26,0,0,0,5699,6121,7434,0,0,0,26,26,0,0,0,0,7434,7474,7873,0,0,0,0,0,265,0,0,0,7873,7873,8999,0,0,0,265,35,285,0,0,0,8999,8999,10009,0,0,0,285,75,501,0,0,0,10009,10009,10798,0,0,0,501,232,2000,0,0,0,10798,10875,12365,0,0,0,2000,1857,1299,0,0,0,12365,12358,6718,0,0,0,1299,1060,774,0,0,0,6718,6726,7344,0,0,0,774,756,938,0,0,0,7344,7355,7632,0,0,0,938,806,475,0,0,0,7632,6299,8863,0,0,0,475,4,7,0,0,0,8863,8907,10778,0,0,0,7,5,0,0,0,0,10778,12298,12624,0,0,0,0,0,0,0,0,0,12624,14149,14420,0,0,0,0,0,0,0,0,0
93,9,2,Tertiary Education Affairs and Services,current_revenue; dev_capital; dev_revenue,2010-11,2025-26,23372,23375,25210,0,0,0,24818,20051,17647,0,0,0,25210,31166,29111,0,0,0,17647,14668,14356,0,0,0,29111,33997,35675,0,0,0,14356,14346,15859,0,0,0,35675,39303,43364,0,0,0,15859,15649,18519,0,0,0,43364,47335,47693,0,0,0,18519,22519,20297,0,0,0,47693,47745,56675,0,0,0,20297,28038,20724,0,0,0,56675,56847,63593,0,0,0,20724,31814,22025,0,0,0,63593,63650,68252,0,0,0,22025,27567,36335,0,0,0,68252,68466,71824,0,0,0,36335,33220,37380,0,0,0,71824,71743,65233,0,0,0,37380,21636,30160,0,0,0,65233,70037,70741,0,0,0,30160,29196,31338,0,0,0,70741,75033,78195,0,0,0,31338,31041,44619,0,0,0,78195,8278,74609,0,0,0,44619,81907,45779,0,0,0,74609,75341,76589,0,0,0,45779,45889,73850,0,0,0,76589,81998,79312,0,0,0,73850,51041,78676,0,0,0,79312,84651,82012,0,0,0,78676,70956,52175,0,0,0
94,9,2,Education Services not Definable by Level,current_revenue; dev_capital,2010-11,2024-25,39,39,42,0,0,0,0,0,0,0,0,0,42,34,54,0,0,0,0,0,0,0,0,0,54,54,53,0,0,0,0,0,0,0,0,0,53,53,103,0,0,0,0,0,0,0,0,0,103,89,75,0,0,0,0,0,0,0,0,0,75,75,75,0,0,0,0,0,0,0,0,0,75,75,75,0,0,0,0,0,0,0,0,0,75,75,70,0,0,0,0,0,0,0,0,0,70,70,77,0,0,0,0,0,0,0,0,0,77,0,0,0,0,0,0,0,0,0,0,0,0,0,0,0,0,0,0,0,0,0,0,0,0,0,0,0,0,0,0,0,0,0,0,0,0,0,140,0,0,0,0,0,0,0,0,0,140,105,180,0,0,0,0,0,0,0,0,0,180,49,726,0,0,0,0,0,0,0,0,0,726,896,3738,0,0,0,0,0,0,0,0,0
95,9,2,Subsidiary Services to Education,current_revenue; dev_capital; dev_revenue,2010-11,2024-25,32,32,35,0,0,0,479,292,307,0,0,0,35,35,95,0,0,0,307,55,75,0,0,0,95,95,135,0,0,0,75,79,66,0,0,0,135,135,254,0,0,0,66,66,17,0,0,0,254,247,232,0,0,0,17,17,43,0,0,0,232,232,250,0,0,0,43,41,16,0,0,0,250,250,262,0,0,0,16,325,723,0,0,0,262,262,274,0,0,0,723,717,1245,0,0,0,274,281,295,0,0,0,1245,428,869,0,0,0,295,283,310,0,0,0,869,192,460,0,0,0,310,393,312,0,0,0,460,286,354,0,0,0,312,317,317,0,0,0,354,207,721,0,0,0,317,319,219,0,0,0,721,262,746,0,0,0,219,217,346,0,0,0,746,349,1196,0,0,0,346,359,273,0,0,0,1196,953,643,0,0,0,273,313,392,0,0,0,643,762,650,0,0,0
96,9,2,Administration of Education,current_revenue; dev_capital; dev_revenue,2010-11,2025-26,845,808,1260,0,0,0,0,0,0,0,0,0,1260,884,700,0,0,0,0,0,0,0,0,0,700,743,963,0,0,0,0,0,0,0,0,0,963,940,1505,0,0,0,0,0,0,0,0,0,1505,1262,1275,0,0,0,0,0,0,0,0,0,1275,1327,1435,0,0,0,0,0,0,0,0,0,1435,1282,1167,0,0,0,0,0,0,0,0,0,1167,1645,1286,0,0,0,0,0,0,0,0,0,1286,1288,1588,0,0,0,0,0,20,0,0,0,1588,1565,1407,0,0,0,20,0,0,0,0,0,1407,727,1237,0,0,0,0,0,0,0,0,0,1237,1608,1915,0,0,0,0,0,0,0,0,0,1915,2028,2010,0,0,0,0,0,0,0,0,0,2010,2430,3698,0,0,0,0,0,0,0,0,0,3698,2844,4497,0,0,0,0,0,0,0,0,0,4497,3833,4825,0,0,0,0,0,750,0,0,0
97,9,2,Education Affairs & Services not Elsewhere Classified,current_revenue; dev_capital; dev_revenue,2010-11,2023-24,566,565,547,0,0,0,5356,3676,3115,0,0,0,547,534,513,0,0,0,3115,111,257,0,0,0,513,533,679,0,0,0,257,1529,1396,0,0,0,679,1054,785,0,0,0,1396,1283,2585,0,0,0,785,1321,787,0,0,0,2585,1800,1575,0,0,0,787,1232,906,0,0,0,1575,1443,1276,0,0,0,906,875,891,0,0,0,1276,1265,1508,0,0,0,891,869,1088,0,0,0,1508,1027,2414,0,0,0,1088,1071,1151,0,0,0,2414,1633,3155,0,0,0,1151,1085,763,0,0,0,3155,1390,2356,0,0,0,763,589,798,0,0,0,2356,772,1540,0,0,0,798,847,890,0,0,0,1540,1298,1736,0,0,0,890,891,928,0,0,0,1736,1489,1786,0,0,0,928,970,1040,0,0,0,1786,1532,7345,0,0,0,1040,1008,1124,0,0,0,7345,2548,8550,0,0,0,1124,1426,1455,0,0,0,8550,2042,2249,0,0,0
100,10,2,Frontier Regions,dev_capital,2010-11,2022-23,0,0,0,0,0,0,0,0,0,0,0,0,0,0,0,0,0,0,0,0,0,0,0,0,0,0,0,0,0,0,0,0,0,0,0,0,0,0,0,0,0,0,0,0,0,0,0,0,0,0,0,0,0,0,0,0,0,0,0,0,0,0,0,0,0,0,0,0,0,0,0,0,0,0,0,0,0,0,0,0,0,0,0,0,0,0,0,0,0,0,0,0,0,0,0,0,0,0,0,0,0,0,0,0,0,0,0,0,0,0,0,0,0,0,0,0,0,0,0,0,0,0,0,0,0,0,0,0,0,0,0,0,0,0,0,0,0,0,0,0,0,0,0,0,0,0,0,0,0,0,0,0,0,0,0,0,0,0,0,0,0,0,0,0,0,0,0,0,0,0,0,0,0,0,0,0,0,0,0,0,0,0,0,0,0,0,0,0,0,0,0,0
101,10,2,Federally Administered Tribal Areas,dev_capital,2010-11,2022-23,0,0,0,0,0,0,0,0,0,0,0,0,0,0,0,0,0,0,0,0,0,0,0,0,0,0,0,0,0,0,0,0,0,0,0,0,0,0,0,0,0,0,0,0,0,0,0,0,0,0,0,0,0,0,0,0,0,0,0,0,0,0,0,0,0,0,0,0,0,0,0,0,0,0,0,0,0,0,0,0,0,0,0,0,0,0,0,0,0,0,0,0,0,0,0,0,0,0,0,0,0,0,0,0,0,0,0,0,0,0,0,0,0,0,0,0,0,0,0,0,0,0,0,0,0,0,0,0,0,0,0,0,0,0,0,0,0,0,0,0,0,0,0,0,0,0,0,0,0,0,0,0,0,0,0,0,0,0,0,0,0,0,0,0,0,0,0,0,0,0,0,0,0,0,0,0,0,0,0,0,0,0,0,0,0,0,0,0,0,0,0,0
102,10,2,Maintenance Allowances to Ex-Rulers,dev_capital,2011-12,2024-25,0,0,0,0,0,0,0,0,0,0,0,0,0,0,0,0,0,0,0,0,0,0,0,0,0,0,0,0,0,0,0,0,0,0,0,0,0,0,0,0,0,0,0,0,0,0,0,0,0,0,0,0,0,0,0,0,0,0,0,0,0,0,0,0,0,0,0,0,0,0,0,0,0,0,0,0,0,0,0,0,0,0,0,0,0,0,0,0,0,0,0,0,0,0,0,0,0,0,0,0,0,0,0,0,0,0,0,0,0,0,0,0,0,0,0,0,0,0,0,0,0,0,0,0,0,0,0,0,0,0,0,0,0,0,0,0,0,0,0,0,0,0,0,0,0,0,0,0,0,0,0,0,0,0,0,0,0,0,0,0,0,0,0,0,0,0,0,0,0,0,0,0,0,0,0,0,0,0,0,0,0,0,0,0,0,0,0,0,0,0,0,0
103,10,2,Afghan Refugees,dev_capital,2010-11,2022-23,0,0,0,0,0,0,0,0,0,0,0,0,0,0,0,0,0,0,0,0,0,0,0,0,0,0,0,0,0,0,0,0,0,0,0,0,0,0,0,0,0,0,0,0,0,0,0,0,0,0,0,0,0,0,0,0,0,0,0,0,0,0,0,0,0,0,0,0,0,0,0,0,0,0,0,0,0,0,0,0,0,0,0,0,0,0,0,0,0,0,0,0,0,0,0,0,0,0,0,0,0,0,0,0,0,0,0,0,0,0,0,0,0,0,0,0,0,0,0,0,0,0,0,0,0,0,0,0,0,0,0,0,0,0,0,0,0,0,0,0,0,0,0,0,0,0,0,0,0,0,0,0,0,0,0,0,0,0,0,0,0,0,0,0,0,0,0,0,0,0,0,0,0,0,0,0,0,0,0,0,0,0,0,0,0,0,0,0,0,0,0,0
107,10,2,Administration,current_revenue; dev_capital; dev_revenue,2010-11,2025-26,3426,3866,916,0,0,0,1187,592,745,0,0,0,916,2341,828,0,0,0,745,736,894,0,0,0,828,29796,982,0,0,0,0,3802,10000,0,0,0,982,1234,1242,0,0,0,10000,10000,0,0,0,0,1242,1441,1210,0,0,0,0,2453,0,0,0,0,1210,2227,1309,0,0,0,1000,1000,1000,0,0,0,1309,1748,1428,0,0,0,1000,964,500,0,0,0,1428,3549,1503,0,0,0,500,500,500,0,0,0,1503,1705,1616,0,0,0,500,500,1100,0,0,0,1616,1903,1827,0,0,0,1100,550,500,0,0,0,1827,1827,21763,0,0,0,500,500,1500,0,0,0,21763,29284,2018,0,0,0,1500,0,1600,0,0,0,2018,104275,2072,0,0,0,1600,992,750,0,0,0,2072,20040,2892,0,0,0,750,1225,18467,0,0,0,2892,2963,3532,0,0,0,18467,49,6594,0,0,0,3532,3525,5890,0,0,0,6594,1743,2300,0,0,0
108,10,2,Others,current_revenue; dev_capital; dev_revenue,2010-11,2025-26,517,517,548,0,0,0,459,234,104,0,0,0,548,599,337,0,0,0,104,31,42,0,0,0,337,334,358,0,0,0,42,47,14,0,0,0,358,358,564,0,0,0,14,14,57,0,0,0,564,518,481,0,0,0,57,47,0,0,0,0,481,481,531,0,0,0,0,0,46,0,0,0,531,531,547,0,0,0,46,28,34,0,0,0,547,547,598,0,0,0,34,10,66,0,0,0,598,598,780,0,0,0,66,9,58,0,0,0,780,769,864,0,0,0,58,5,56,0,0,0,864,894,886,0,0,0,56,2,87,0,0,0,886,863,815,0,0,0,87,66,53,0,0,0,815,1222,1411,0,0,0,53,20,23,0,0,0,1411,1476,2127,0,0,0,23,8,23,0,0,0,2127,2270,1449,0,0,0,23,15,0,0,0,0,1449,1402,1303,0,0,0,0,0,0,0,0,0
109,10,2,Social Protection (Not elsewhere classified),current_revenue; dev_capital; dev_revenue,2010-11,2025-26,0,0,0,0,0,0,0,0,0,0,0,0,0,0,0,0,0,0,0,0,0,0,0,0,0,0,0,0,0,0,0,0,0,0,0,0,0,0,0,0,0,0,0,0,0,0,0,0,0,0,0,0,0,0,0,0,0,0,0,0,0,0,0,0,0,0,0,0,0,0,0,0,0,0,0,0,0,0,0,0,0,0,0,0,0,0,0,0,0,0,0,0,0,0,0,0,0,0,0,0,0,0,0,0,0,0,0,0,0,0,187903,0,0,0,0,0,200,0,0,0,187903,242303,208258,0,0,0,200,20,135,0,0,0,208258,216265,252460,0,0,0,135,106,599,0,0,0,252460,256708,366620,0,0,0,599,357,500,0,0,0,366620,414985,0,0,0,0,500,422,500,0,0,0,475289,475033,603017,0,0,0,500,500,0,0,0,0,603017,603289,726994,0,0,0,0,0,0,0,0,0
